{
  "keymap.keyOpenKeymap": {
    "keyCode": 96,
    "keyType": "KEYBOARD",
    "alt": false,
    "shift": true,
    "ctrl": false
  },
  "key.socialInteractions": {
    "keyCode": 80,
    "keyType": "KEYBOARD",
    "alt": false,
    "shift": true,
    "ctrl": false
  },
  "key.parcool.Flipping": {
    "keyCode": 86,
    "keyType": "KEYBOARD",
    "alt": false,
    "shift": true,
    "ctrl": false
  },
  "key.parcool.HideInBlock": {
    "keyCode": 86,
    "keyType": "KEYBOARD",
    "alt": false,
    "shift": false,
    "ctrl": true
  },
  "Inspect Key": {
    "keyCode": 74,
    "keyType": "KEYBOARD",
    "alt": false,
    "shift": true,
    "ctrl": false
  },
  "iris.keybind.reload": {
    "keyCode": 82,
    "keyType": "KEYBOARD",
    "alt": false,
    "shift": true,
    "ctrl": true
  },
  "iris.keybind.shaderPackSelection": {
    "keyCode": 79,
    "keyType": "KEYBOARD",
    "alt": false,
    "shift": true,
    "ctrl": true
  },
  "key.tacz.crawl.desc": {
    "keyCode": 86,
    "keyType": "KEYBOARD",
    "alt": false,
    "shift": true,
    "ctrl": true
  }
}