{
  "messageValue": "Hello!",
  "antiFalseContact": false,
  "chatQuickMessageButton": true,
  "chatQuickMessageButtonWidth": 80,
  "messageCoolingDown": true,
  "messageCoolingDuration": 10,
  "displayAsComment": false,
  "chatQuickMessageButtonHeight": 20,
  "buttonMessageSendMode": "CLICK_TO_SEND",
  "messageWithComment": [
    {
      "message": "/memorysweep",
      "comment": "内存清扫"
    },
    {
      "message": "你好",
      "comment": "你好"
    },
    {
      "message": "下次再玩，再见",
      "comment": "下次再玩"
    },
    {
      "message": "稍等一下",
      "comment": "等我一下"
    }
  ]
}
